gt,seed,mse_map,r2_map,mse_peaks,time_s
0,1000001,5.707332923104993e-05,0.9980379059345295,9.737509774689319e-07,29.008671522140503
