gt,seed,mse_map,r2_map,mse_peaks,time_s
5,1000006,0.0010864878065745128,0.9797002899745739,0.03130158496644944,53.494203090667725
