gt,seed,mse_map,r2_map,mse_peaks,time_s
6,1000007,9.008232771160665e-05,0.9973157445675419,0.19201185754173472,27.207568645477295
