gt,seed,mse_map,r2_map,mse_peaks,time_s
2,1000003,0.0015791748765667535,0.9643793253597612,0.20016618006652687,43.78995394706726
