gt,seed,mse_map,r2_map,mse_peaks,time_s
8,1000009,2.2288239858903817e-05,0.9994385969600308,1.9735065215005207e-05,26.998050928115845
