gt,seed,mse_map,r2_map,mse_peaks,time_s
3,1000004,0.0001565476912451177,0.9929859261285977,0.2094411802766797,21.931241035461426
