gt,seed,mse_map,r2_map,mse_peaks,time_s
6,1000007,0.0005065744697787824,0.9849051938710828,0.1953249961146414,21.182664394378662
