gt,seed,mse_map,r2_map,mse_peaks,time_s
4,1000005,0.0007222657707890989,0.9832495623066678,0.0015191051600305149,20.869851112365723
