gt,seed,mse_map,r2_map,mse_peaks,time_s
1,1000002,0.0014619200318433273,0.9419870589469072,0.030778701635295374,44.056121826171875
