gt,seed,mse_map,r2_map,mse_peaks,time_s
8,1000009,0.002759281614409806,0.9304983661218997,0.10461864721364503,22.96959352493286
