gt,seed,mse_map,r2_map,mse_peaks,time_s
7,1000008,0.0006075288882559886,0.9820612136867575,2.0074702496275556e-10,92.34356737136841
