gt,seed,mse_map,r2_map,mse_peaks,time_s
5,1000006,0.003525616413460648,0.9341281232784591,0.03441600286000422,30.44160795211792
