gt,seed,mse_map,r2_map,mse_peaks,time_s
9,1000010,0.007952787930174721,0.8420840015350668,0.16009782368524691,77.69069075584412
