gt,seed,mse_map,r2_map,mse_peaks,time_s
1,1000002,0.00021797910090110738,0.9913499996881243,0.05549695116882502,17.863723516464233
