gt,seed,mse_map,r2_map,mse_peaks,time_s
4,1000005,0.0027096315815646854,0.9371595376459596,4.833779422128416e-07,40.52803039550781
