gt,seed,mse_map,r2_map,mse_peaks,time_s
7,1000008,0.00012619573242394875,0.9962737602748489,5.986401969410688e-07,33.87295699119568
