gt,seed,mse_map,r2_map,mse_peaks,time_s
9,1000010,0.0046600909149088765,0.9074660463441993,0.13404580831810659,20.349790811538696
