gt,seed,mse_map,r2_map,mse_peaks,time_s
3,1000004,0.0025339490294964007,0.8864671491614204,0.20789663044165804,81.49933934211731
