gt,seed,mse_map,r2_map,mse_peaks,time_s
0,1000001,0.0037013218951264678,0.8727541949511327,0.08210486582345049,21.58108353614807
