gt,seed,mse_map,r2_map,mse_peaks,time_s
2,1000003,0.0011804285195032552,0.9733736517384959,0.19419408486356873,27.99099898338318
